updated,md5sum,filesize,original_filename,archive_filename,ra,dec,ifilter,seeing,depth,exposure,obs_night,date_obs,pi_ids,pi,prop_id,release_date,instrument,telescope,site,obs_mode,obs_type,proc_type,prod_type,survey,caldat,collections
2021-09-02T20:27:20.423202+0000,04201b2aad29d29420bdd820c9fa69fe,684901440,/data_local/images/DTS/2021B-0332/DECam_01028222.fits.fz,/net/archive/mtn/20210902/ct4m/2021B-0332/c4d_210902_201658_fri.fits.fz,49.9999958333333,0.0,N708 DECam c0012 7080.0 400.0,,,100.0,2021-09-02,2021-09-02T20:16:58.006018+0000,[5072],Sheppard,2021B-0332,2021-09-02,decam,ct4m,ct,,dome flat,raw,image,,2021-09-02,[None]
2021-09-03T20:04:21.380636+0000,184b69c79dae910cdb587f6caa16d4aa,684806400,/data_local/images/DTS/2019A-0337/DECam_01028419.fits.fz,/net/archive/mtn/20210903/ct4m/2019A-0337/c4d_210903_195809_fri.fits.fz,357.1428,-30.8257380555556,N708 DECam c0012 7080.0 400.0,,,100.0,2021-09-03,2021-09-03T19:58:09.488193+0000,[5011],Trilling,2019A-0337,2021-09-03,decam,ct4m,ct,,dome flat,raw,image,,2021-09-03,[None]
2021-09-03T21:00:22.484708+0000,2c88ce00714eec6ab0a0acbb420cbb3b,683896320,/data_local/images/DTS/2019A-0337/DECam_01028445.fits.fz,/net/archive/mtn/20210903/ct4m/2019A-0337/c4d_210903_203740_fri.fits.fz,323.7204,-29.6958319444444,N708 DECam c0012 7080.0 400.0,,,100.0,2021-09-03,2021-09-03T20:37:40.962359+0000,[5011],Trilling,2019A-0337,2021-09-03,decam,ct4m,ct,,dome flat,raw,image,,2021-09-03,[None]
2021-09-03T20:48:21.618364+0000,00547feff94162ecdcc7b4ec4c4fa217,684397440,/data_local/images/DTS/2019A-0337/DECam_01028442.fits.fz,/net/archive/mtn/20210903/ct4m/2019A-0337/c4d_210903_203128_fri.fits.fz,323.7204,-29.6958319444444,N708 DECam c0012 7080.0 400.0,,,100.0,2021-09-03,2021-09-03T20:31:28.274589+0000,[5011],Trilling,2019A-0337,2021-09-03,decam,ct4m,ct,,dome flat,raw,image,,2021-09-03,[None]
2021-09-04T20:12:20.734047+0000,013220a567aa3280466a836f9bc38b97,684866880,/data_local/images/DTS/2019A-0337/DECam_01028709.fits.fz,/net/archive/mtn/20210904/ct4m/2019A-0337/c4d_210904_200706_fri.fits.fz,357.106291666667,-30.7943411111111,N708 DECam c0012 7080.0 400.0,,,100.0,2021-09-04,2021-09-04T20:07:06.324172+0000,[5011],Trilling,2019A-0337,2021-09-04,decam,ct4m,ct,,dome flat,raw,image,,2021-09-04,[None]
2021-09-02T20:32:20.662799+0000,11bf5668004cd7c97197ff54b5c1b9f3,684855360,/data_local/images/DTS/2021B-0332/DECam_01028223.fits.fz,/net/archive/mtn/20210902/ct4m/2021B-0332/c4d_210902_201902_fri.fits.fz,49.9999958333333,0.0,N708 DECam c0012 7080.0 400.0,,,100.0,2021-09-02,2021-09-02T20:19:02.197411+0000,[5072],Sheppard,2021B-0332,2021-09-02,decam,ct4m,ct,,dome flat,raw,image,,2021-09-02,[None]
2021-09-02T20:12:18.792973+0000,0ba0465d2e14d51a53e25477e9eae711,685860480,/data_local/images/DTS/2021B-0332/DECam_01028216.fits.fz,/net/archive/mtn/20210902/ct4m/2021B-0332/c4d_210902_200433_fri.fits.fz,49.9999958333333,0.0,N708 DECam c0012 7080.0 400.0,,,100.0,2021-09-02,2021-09-02T20:04:33.030485+0000,[5072],Sheppard,2021B-0332,2021-09-02,decam,ct4m,ct,,dome flat,raw,image,,2021-09-02,[None]
2021-09-04T20:18:20.793622+0000,3ba34d5dd5ca37d4678ae09e75b6ffe5,684135360,/data_local/images/DTS/2019A-0337/DECam_01028711.fits.fz,/net/archive/mtn/20210904/ct4m/2019A-0337/c4d_210904_201114_fri.fits.fz,357.106291666667,-30.7943411111111,N708 DECam c0012 7080.0 400.0,,,100.0,2021-09-04,2021-09-04T20:11:14.622268+0000,[5011],Trilling,2019A-0337,2021-09-04,decam,ct4m,ct,,dome flat,raw,image,,2021-09-04,[None]
2021-09-02T20:09:20.578359+0000,5300b8795ace329f420e986b1235b188,686289600,/data_local/images/DTS/2021B-0332/DECam_01028215.fits.fz,/net/archive/mtn/20210902/ct4m/2021B-0332/c4d_210902_200228_fri.fits.fz,49.9999958333333,0.0,N708 DECam c0012 7080.0 400.0,,,100.0,2021-09-02,2021-09-02T20:02:28.871331+0000,[5072],Sheppard,2021B-0332,2021-09-02,decam,ct4m,ct,,dome flat,raw,image,,2021-09-02,[None]
2021-09-04T20:16:17.561087+0000,148d45296c796c00ce6fa47744f6668e,684285120,/data_local/images/DTS/2019A-0337/DECam_01028710.fits.fz,/net/archive/mtn/20210904/ct4m/2019A-0337/c4d_210904_200910_fri.fits.fz,357.106291666667,-30.7943411111111,N708 DECam c0012 7080.0 400.0,,,100.0,2021-09-04,2021-09-04T20:09:10.464461+0000,[5011],Trilling,2019A-0337,2021-09-04,decam,ct4m,ct,,dome flat,raw,image,,2021-09-04,[None]
2021-09-03T20:08:21.475872+0000,73b6bdbf59c1fe5ff4a24ed513223e83,684722880,/data_local/images/DTS/2019A-0337/DECam_01028420.fits.fz,/net/archive/mtn/20210903/ct4m/2019A-0337/c4d_210903_200013_fri.fits.fz,357.1428,-30.8257380555556,N708 DECam c0012 7080.0 400.0,,,100.0,2021-09-03,2021-09-03T20:00:13.793337+0000,[5011],Trilling,2019A-0337,2021-09-03,decam,ct4m,ct,,dome flat,raw,image,,2021-09-03,[None]
2021-09-04T20:08:19.562585+0000,71fd3aa097e59a1dd70ed17b94a7409f,684506880,/data_local/images/DTS/2019A-0337/DECam_01028707.fits.fz,/net/archive/mtn/20210904/ct4m/2019A-0337/c4d_210904_200257_fri.fits.fz,357.106291666667,-30.7943411111111,N708 DECam c0012 7080.0 400.0,,,100.0,2021-09-04,2021-09-04T20:02:57.883386+0000,[5011],Trilling,2019A-0337,2021-09-04,decam,ct4m,ct,,dome flat,raw,image,,2021-09-04,[None]
2021-09-03T20:40:24.687857+0000,028388a3596b3908da614b7ca04ca397,684794880,/data_local/images/DTS/2019A-0337/DECam_01028438.fits.fz,/net/archive/mtn/20210903/ct4m/2019A-0337/c4d_210903_202311_fri.fits.fz,323.7204,-29.6958319444444,N708 DECam c0012 7080.0 400.0,,,100.0,2021-09-03,2021-09-03T20:23:11.396264+0000,[5011],Trilling,2019A-0337,2021-09-03,decam,ct4m,ct,,dome flat,raw,image,,2021-09-03,[None]
2021-09-02T20:20:20.882945+0000,c7faf852f820a5233d0e66dc6775fa85,684858240,/data_local/images/DTS/2021B-0332/DECam_01028220.fits.fz,/net/archive/mtn/20210902/ct4m/2021B-0332/c4d_210902_201249_fri.fits.fz,49.9999958333333,0.0,N708 DECam c0012 7080.0 400.0,,,100.0,2021-09-02,2021-09-02T20:12:49.720953+0000,[5072],Sheppard,2021B-0332,2021-09-02,decam,ct4m,ct,,dome flat,raw,image,,2021-09-02,[None]
2021-09-02T20:40:27.702321+0000,801f38e89743e11c953c1e716e678146,684512640,/data_local/images/DTS/2021B-0332/DECam_01028225.fits.fz,/net/archive/mtn/20210902/ct4m/2021B-0332/c4d_210902_202310_fri.fits.fz,49.9999958333333,0.0,N708 DECam c0012 7080.0 400.0,,,100.0,2021-09-02,2021-09-02T20:23:10.578208+0000,[5072],Sheppard,2021B-0332,2021-09-02,decam,ct4m,ct,,dome flat,raw,image,,2021-09-02,[None]
2021-09-02T20:24:19.326320+0000,06d367b923aefa56bb9296ed3e46bc0f,685108800,/data_local/images/DTS/2021B-0332/DECam_01028221.fits.fz,/net/archive/mtn/20210902/ct4m/2021B-0332/c4d_210902_201453_fri.fits.fz,49.9999958333333,0.0,N708 DECam c0012 7080.0 400.0,,,100.0,2021-09-02,2021-09-02T20:14:53.770529+0000,[5072],Sheppard,2021B-0332,2021-09-02,decam,ct4m,ct,,dome flat,raw,image,,2021-09-02,[None]
2021-09-03T20:48:24.748378+0000,bacfb08b45cc4fcb7293e5edb1354987,683974080,/data_local/images/DTS/2019A-0337/DECam_01028441.fits.fz,/net/archive/mtn/20210903/ct4m/2019A-0337/c4d_210903_202924_fri.fits.fz,323.7204,-29.6958319444444,N708 DECam c0012 7080.0 400.0,,,100.0,2021-09-03,2021-09-03T20:29:24.153152+0000,[5011],Trilling,2019A-0337,2021-09-03,decam,ct4m,ct,,dome flat,raw,image,,2021-09-03,[None]
2021-09-04T20:12:22.049669+0000,142a70c9e0e1932af50bd56cd7fc0f80,684302400,/data_local/images/DTS/2019A-0337/DECam_01028708.fits.fz,/net/archive/mtn/20210904/ct4m/2019A-0337/c4d_210904_200502_fri.fits.fz,357.106291666667,-30.7943411111111,N708 DECam c0012 7080.0 400.0,,,100.0,2021-09-04,2021-09-04T20:05:02.146651+0000,[5011],Trilling,2019A-0337,2021-09-04,decam,ct4m,ct,,dome flat,raw,image,,2021-09-04,[None]
2021-09-03T21:04:19.098286+0000,81fc4896bf28d77f48298ddcb1d6f723,684112320,/data_local/images/DTS/2019A-0337/DECam_01028444.fits.fz,/net/archive/mtn/20210903/ct4m/2019A-0337/c4d_210903_203536_fri.fits.fz,323.7204,-29.6958319444444,N708 DECam c0012 7080.0 400.0,,,100.0,2021-09-03,2021-09-03T20:35:36.720797+0000,[5011],Trilling,2019A-0337,2021-09-03,decam,ct4m,ct,,dome flat,raw,image,,2021-09-03,[None]
2021-09-04T20:24:20.607776+0000,b4bd5fd0cb1b6709f9eb57c34db294c4,683861760,/data_local/images/DTS/2019A-0337/DECam_01028713.fits.fz,/net/archive/mtn/20210904/ct4m/2019A-0337/c4d_210904_201523_fri.fits.fz,357.106291666667,-30.7943411111111,N708 DECam c0012 7080.0 400.0,,,100.0,2021-09-04,2021-09-04T20:15:23.013016+0000,[5011],Trilling,2019A-0337,2021-09-04,decam,ct4m,ct,,dome flat,raw,image,,2021-09-04,[None]
2021-09-03T20:56:22.186498+0000,a96c49a24eb1dc023814b13e9d842f1c,684397440,/data_local/images/DTS/2019A-0337/DECam_01028446.fits.fz,/net/archive/mtn/20210903/ct4m/2019A-0337/c4d_210903_203945_fri.fits.fz,323.7204,-29.6958319444444,N708 DECam c0012 7080.0 400.0,,,100.0,2021-09-03,2021-09-03T20:39:45.155118+0000,[5011],Trilling,2019A-0337,2021-09-03,decam,ct4m,ct,,dome flat,raw,image,,2021-09-03,[None]
2021-09-02T20:18:28.634439+0000,c22b113494f40ca5194fe507b1766e0a,685048320,/data_local/images/DTS/2021B-0332/DECam_01028218.fits.fz,/net/archive/mtn/20210902/ct4m/2021B-0332/c4d_210902_200841_fri.fits.fz,49.9999958333333,0.0,N708 DECam c0012 7080.0 400.0,,,100.0,2021-09-02,2021-09-02T20:08:41.349573+0000,[5072],Sheppard,2021B-0332,2021-09-02,decam,ct4m,ct,,dome flat,raw,image,,2021-09-02,[None]
2021-09-04T20:24:21.963508+0000,cdc44da055db04d50b87369d92dadf71,683720640,/data_local/images/DTS/2019A-0337/DECam_01028714.fits.fz,/net/archive/mtn/20210904/ct4m/2019A-0337/c4d_210904_201727_fri.fits.fz,357.106291666667,-30.7943411111111,N708 DECam c0012 7080.0 400.0,,,100.0,2021-09-04,2021-09-04T20:17:27.184020+0000,[5011],Trilling,2019A-0337,2021-09-04,decam,ct4m,ct,,dome flat,raw,image,,2021-09-04,[None]
2021-09-04T20:08:20.876594+0000,cf8c2bf377e9f0ffcbb6a74544d1c05c,684429120,/data_local/images/DTS/2019A-0337/DECam_01028706.fits.fz,/net/archive/mtn/20210904/ct4m/2019A-0337/c4d_210904_200053_fri.fits.fz,357.106291666667,-30.7943411111111,N708 DECam c0012 7080.0 400.0,,,100.0,2021-09-04,2021-09-04T20:00:53.687468+0000,[5011],Trilling,2019A-0337,2021-09-04,decam,ct4m,ct,,dome flat,raw,image,,2021-09-04,[None]
2021-09-02T20:32:21.878757+0000,c3ae0bf0b046db804af603a8cf2a29a2,684587520,/data_local/images/DTS/2021B-0332/DECam_01028224.fits.fz,/net/archive/mtn/20210902/ct4m/2021B-0332/c4d_210902_202106_fri.fits.fz,49.9999958333333,0.0,N708 DECam c0012 7080.0 400.0,,,100.0,2021-09-02,2021-09-02T20:21:06.398400+0000,[5072],Sheppard,2021B-0332,2021-09-02,decam,ct4m,ct,,dome flat,raw,image,,2021-09-02,[None]
2021-09-03T20:32:20.270666+0000,e31cb196d70411ef6240ef86537a77d8,684313920,/data_local/images/DTS/2019A-0337/DECam_01028437.fits.fz,/net/archive/mtn/20210903/ct4m/2019A-0337/c4d_210903_202107_fri.fits.fz,323.7204,-29.6958319444444,N708 DECam c0012 7080.0 400.0,,,100.0,2021-09-03,2021-09-03T20:21:07.242203+0000,[5011],Trilling,2019A-0337,2021-09-03,decam,ct4m,ct,,dome flat,raw,image,,2021-09-03,[None]
2021-09-03T20:40:26.746358+0000,3eaddbca1b856f2a4008f7a6c2de128c,684264960,/data_local/images/DTS/2019A-0337/DECam_01028440.fits.fz,/net/archive/mtn/20210903/ct4m/2019A-0337/c4d_210903_202719_fri.fits.fz,323.7204,-29.6958319444444,N708 DECam c0012 7080.0 400.0,,,100.0,2021-09-03,2021-09-03T20:27:19.903273+0000,[5011],Trilling,2019A-0337,2021-09-03,decam,ct4m,ct,,dome flat,raw,image,,2021-09-03,[None]
2021-09-04T20:27:22.474637+0000,596f38ccf804e8ed953850c0da7e0884,683732160,/data_local/images/DTS/2019A-0337/DECam_01028715.fits.fz,/net/archive/mtn/20210904/ct4m/2019A-0337/c4d_210904_201931_fri.fits.fz,357.106291666667,-30.7943411111111,N708 DECam c0012 7080.0 400.0,,,100.0,2021-09-04,2021-09-04T20:19:31.406545+0000,[5011],Trilling,2019A-0337,2021-09-04,decam,ct4m,ct,,dome flat,raw,image,,2021-09-04,[None]
2021-09-04T20:27:26.686185+0000,4e95bc1fdcaa8635711cd705a2461150,683694720,/data_local/images/DTS/2019A-0337/DECam_01028716.fits.fz,/net/archive/mtn/20210904/ct4m/2019A-0337/c4d_210904_202135_fri.fits.fz,357.106291666667,-30.7943411111111,N708 DECam c0012 7080.0 400.0,,,100.0,2021-09-04,2021-09-04T20:21:35.689489+0000,[5011],Trilling,2019A-0337,2021-09-04,decam,ct4m,ct,,dome flat,raw,image,,2021-09-04,[None]
2021-09-02T20:18:19.928574+0000,634b093267022436d24192bae9c46345,684967680,/data_local/images/DTS/2021B-0332/DECam_01028219.fits.fz,/net/archive/mtn/20210902/ct4m/2021B-0332/c4d_210902_201045_fri.fits.fz,49.9999958333333,0.0,N708 DECam c0012 7080.0 400.0,,,100.0,2021-09-02,2021-09-02T20:10:45.522502+0000,[5072],Sheppard,2021B-0332,2021-09-02,decam,ct4m,ct,,dome flat,raw,image,,2021-09-02,[None]
2021-09-03T20:40:28.626150+0000,66349c4f3141c1695cf8061704967dc7,684800640,/data_local/images/DTS/2019A-0337/DECam_01028439.fits.fz,/net/archive/mtn/20210903/ct4m/2019A-0337/c4d_210903_202515_fri.fits.fz,323.7204,-29.6958319444444,N708 DECam c0012 7080.0 400.0,,,100.0,2021-09-03,2021-09-03T20:25:15.645767+0000,[5011],Trilling,2019A-0337,2021-09-03,decam,ct4m,ct,,dome flat,raw,image,,2021-09-03,[None]
2021-09-03T20:56:20.320337+0000,fdb053b90d751f758787da4061e97eae,684362880,/data_local/images/DTS/2019A-0337/DECam_01028447.fits.fz,/net/archive/mtn/20210903/ct4m/2019A-0337/c4d_210903_204149_fri.fits.fz,323.7204,-29.6958319444444,N708 DECam c0012 7080.0 400.0,,,100.0,2021-09-03,2021-09-03T20:41:49.290336+0000,[5011],Trilling,2019A-0337,2021-09-03,decam,ct4m,ct,,dome flat,raw,image,,2021-09-03,[None]
2021-09-06T05:55:36.013252+0000,fa921aaa3e8360c5cd88568660f1274e,684331200,/data_local/images/DTS/2019A-0337/DECam_01029252.fits.fz,/net/archive/mtn/20210905/ct4m/2019A-0337/c4d_210905_190328_fri.fits.fz,52.6000041666667,-28.1,N708 DECam c0012 7080.0 400.0,,,100.0,2021-09-05,2021-09-05T19:03:28.125591+0000,[5011],Trilling,2019A-0337,2021-09-05,decam,ct4m,ct,,dome flat,raw,image,,2021-09-05,[None]
2021-09-06T08:44:22.902122+0000,a4fb55eead08e0550d7482d541b08e37,684293760,/data_local/images/DTS/2019A-0337/DECam_01029249.fits.fz,/net/archive/mtn/20210905/ct4m/2019A-0337/c4d_210905_185715_fri.fits.fz,52.6000041666667,-28.1,N708 DECam c0012 7080.0 400.0,,,100.0,2021-09-05,2021-09-05T18:57:15.324800+0000,[5011],Trilling,2019A-0337,2021-09-05,decam,ct4m,ct,,dome flat,raw,image,,2021-09-05,[None]
2021-09-08T19:36:26.055896+0000,d14652ac5c4ea6ec81db0f67e646ee8d,685005120,/data_local/images/DTS/2019A-0337/DECam_01030990.fits.fz,/net/archive/mtn/20210908/ct4m/2019A-0337/c4d_210908_192435_fri.fits.fz,338.358329166667,-60.6358330555556,N708 DECam c0012 7080.0 400.0,,,100.0,2021-09-08,2021-09-08T19:24:35.793363+0000,[5011],Trilling,2019A-0337,2021-09-08,decam,ct4m,ct,,dome flat,raw,image,,2021-09-08,[None]
2021-09-09T19:18:28.048614+0000,3f4fa38fcac200ed2b8ecb856c6c369b,684368640,/data_local/images/DTS/2019A-0337/DECam_01031586.fits.fz,/net/archive/mtn/20210909/ct4m/2019A-0337/c4d_210909_190709_fri.fits.fz,52.6000041666667,-28.1,N708 DECam c0012 7080.0 400.0,,,100.0,2021-09-09,2021-09-09T19:07:09.814797+0000,[5011],Trilling,2019A-0337,2021-09-09,decam,ct4m,ct,,dome flat,raw,image,,2021-09-09,[None]
2021-09-10T19:27:41.213303+0000,905e5001a1e5abbf02bad584dd6d8e45,684360000,/data_local/images/DTS/2019A-0337/DECam_01032192.fits.fz,/net/archive/mtn/20210910/ct4m/2019A-0337/c4d_210910_191534_fri.fits.fz,52.6000041666667,-28.1,N708 DECam c0012 7080.0 400.0,,,100.0,2021-09-10,2021-09-10T19:15:34.256240+0000,[5011],Trilling,2019A-0337,2021-09-10,decam,ct4m,ct,,dome flat,raw,image,,2021-09-10,[None]
2021-09-10T19:27:43.241213+0000,9df1c2a13f36a78fd8af3f6ed72ca9f5,684360000,/data_local/images/DTS/2019A-0337/DECam_01032193.fits.fz,/net/archive/mtn/20210910/ct4m/2019A-0337/c4d_210910_191738_fri.fits.fz,52.6000041666667,-28.1,N708 DECam c0012 7080.0 400.0,,,100.0,2021-09-10,2021-09-10T19:17:38.391089+0000,[5011],Trilling,2019A-0337,2021-09-10,decam,ct4m,ct,,dome flat,raw,image,,2021-09-10,[None]
2021-09-11T18:04:21.269730+0000,bd01ba8d6f551c5a020566781fccd4fd,688570560,/data_local/images/DTS/2019A-0337/DECam_01032465.fits.fz,/net/archive/mtn/20210911/ct4m/2019A-0337/c4d_210911_175029_fri.fits.fz,37.0595416666667,-5.44416305555556,N708 DECam c0012 7080.0 400.0,,,100.0,2021-09-11,2021-09-11T17:50:29.227018+0000,[5011],Trilling,2019A-0337,2021-09-11,decam,ct4m,ct,,dome flat,raw,image,,2021-09-11,[None]
2021-09-11T18:16:18.404413+0000,e4ab3fbaa09ce0bf1b164e1130ccca17,687928320,/data_local/images/DTS/2019A-0337/DECam_01032472.fits.fz,/net/archive/mtn/20210911/ct4m/2019A-0337/c4d_210911_180458_fri.fits.fz,37.0595416666667,-5.44416305555556,N708 DECam c0012 7080.0 400.0,,,100.0,2021-09-11,2021-09-11T18:04:58.680683+0000,[5011],Trilling,2019A-0337,2021-09-11,decam,ct4m,ct,,dome flat,raw,image,,2021-09-11,[None]
2021-09-13T19:27:22.477743+0000,3c1f200e27e7e43138749ee87b85fe3e,678291840,/data_local/images/DTS/2019A-0305/DECam_01032878.fits.fz,/net/archive/mtn/20210913/ct4m/2019A-0305/c4d_210913_191641_fri.fits.fz,37.0595416666667,-5.44416305555556,N708 DECam c0012 7080.0 400.0,,,100.0,2021-09-13,2021-09-13T19:16:41.967432+0000,[4512],Drlica-Wagner,2019A-0305,2021-09-13,decam,ct4m,ct,,dome flat,raw,image,,2021-09-13,[None]
2021-09-13T19:32:23.006507+0000,33eb7949b917316fceccfc0da0ba4b4d,677574720,/data_local/images/DTS/2019A-0305/DECam_01032881.fits.fz,/net/archive/mtn/20210913/ct4m/2019A-0305/c4d_210913_192254_fri.fits.fz,37.0595416666667,-5.44416305555556,N708 DECam c0012 7080.0 400.0,,,100.0,2021-09-13,2021-09-13T19:22:54.618062+0000,[4512],Drlica-Wagner,2019A-0305,2021-09-13,decam,ct4m,ct,,dome flat,raw,image,,2021-09-13,[None]
2021-09-12T18:08:26.880079+0000,e1de4afb7e1000b889b225e220e8c3bf,687072960,/data_local/images/DTS/2019A-0337/DECam_01032585.fits.fz,/net/archive/mtn/20210912/ct4m/2019A-0337/c4d_210912_175738_fri.fits.fz,37.0595416666667,-5.44416305555556,N708 DECam c0012 7080.0 400.0,,,100.0,2021-09-12,2021-09-12T17:57:38.563220+0000,[5011],Trilling,2019A-0337,2021-09-12,decam,ct4m,ct,,dome flat,raw,image,,2021-09-12,[None]
2021-09-14T19:36:30.107246+0000,ec355a08f798c71a280a5b36d0e77b1e,685667520,/data_local/images/DTS/2019A-0305/DECam_01033091.fits.fz,/net/archive/mtn/20210914/ct4m/2019A-0305/c4d_210914_184626_fri.fits.fz,37.0595416666667,-5.44416305555556,N708 DECam c0012 7080.0 400.0,,,100.0,2021-09-14,2021-09-14T18:46:26.671721+0000,[4512],Drlica-Wagner,2019A-0305,2021-09-14,decam,ct4m,ct,,dome flat,raw,image,,2021-09-14,[None]
2021-09-03T20:48:26.199602+0000,c7606a1c89631b06490434d400e91f3b,684230400,/data_local/images/DTS/2019A-0337/DECam_01028443.fits.fz,/net/archive/mtn/20210903/ct4m/2019A-0337/c4d_210903_203332_fri.fits.fz,323.7204,-29.6958319444444,N708 DECam c0012 7080.0 400.0,,,100.0,2021-09-03,2021-09-03T20:33:32.507058+0000,[5011],Trilling,2019A-0337,2021-09-03,decam,ct4m,ct,,dome flat,raw,image,,2021-09-03,[None]
2021-09-06T05:52:27.587949+0000,73cdd834d5c24451ec56401c41f9a61a,684492480,/data_local/images/DTS/2019A-0337/DECam_01029254.fits.fz,/net/archive/mtn/20210905/ct4m/2019A-0337/c4d_210905_190736_fri.fits.fz,52.6000041666667,-28.1,N708 DECam c0012 7080.0 400.0,,,100.0,2021-09-05,2021-09-05T19:07:36.805769+0000,[5011],Trilling,2019A-0337,2021-09-05,decam,ct4m,ct,,dome flat,raw,image,,2021-09-05,[None]
2021-09-06T19:20:23.062914+0000,e139424067db13011148aad42ce5888a,684472320,/data_local/images/DTS/2019A-0337/DECam_01029815.fits.fz,/net/archive/mtn/20210906/ct4m/2019A-0337/c4d_210906_191118_fri.fits.fz,338.358329166667,-60.6358330555556,N708 DECam c0012 7080.0 400.0,,,100.0,2021-09-06,2021-09-06T19:11:18.768397+0000,[5011],Trilling,2019A-0337,2021-09-06,decam,ct4m,ct,,dome flat,raw,image,,2021-09-06,[None]
2021-09-02T20:16:19.694720+0000,f60260162c2753524c459b5ed243cd7b,685054080,/data_local/images/DTS/2021B-0332/DECam_01028217.fits.fz,/net/archive/mtn/20210902/ct4m/2021B-0332/c4d_210902_200637_fri.fits.fz,49.9999958333333,0.0,N708 DECam c0012 7080.0 400.0,,,100.0,2021-09-02,2021-09-02T20:06:37.217462+0000,[5072],Sheppard,2021B-0332,2021-09-02,decam,ct4m,ct,,dome flat,raw,image,,2021-09-02,[None]
2021-09-04T20:18:30.015217+0000,f2cbc2e75b6aa977a40624d429fe8ccb,683979840,/data_local/images/DTS/2019A-0337/DECam_01028712.fits.fz,/net/archive/mtn/20210904/ct4m/2019A-0337/c4d_210904_201318_fri.fits.fz,357.106291666667,-30.7943411111111,N708 DECam c0012 7080.0 400.0,,,100.0,2021-09-04,2021-09-04T20:13:18.781202+0000,[5011],Trilling,2019A-0337,2021-09-04,decam,ct4m,ct,,dome flat,raw,image,,2021-09-04,[None]
2021-09-08T19:24:21.854679+0000,c39fa802320b6eddb91505673b604ec1,685267200,/data_local/images/DTS/2019A-0337/DECam_01030986.fits.fz,/net/archive/mtn/20210908/ct4m/2019A-0337/c4d_210908_191618_fri.fits.fz,338.358329166667,-60.6358330555556,N708 DECam c0012 7080.0 400.0,,,100.0,2021-09-08,2021-09-08T19:16:18.544169+0000,[5011],Trilling,2019A-0337,2021-09-08,decam,ct4m,ct,,dome flat,raw,image,,2021-09-08,[None]
2021-09-10T19:32:22.017135+0000,bd565d9609361e141f0694bd30ef3e43,684348480,/data_local/images/DTS/2019A-0337/DECam_01032195.fits.fz,/net/archive/mtn/20210910/ct4m/2019A-0337/c4d_210910_192146_fri.fits.fz,52.6000041666667,-28.1,N708 DECam c0012 7080.0 400.0,,,100.0,2021-09-10,2021-09-10T19:21:46.721264+0000,[5011],Trilling,2019A-0337,2021-09-10,decam,ct4m,ct,,dome flat,raw,image,,2021-09-10,[None]
2021-09-13T19:18:35.445731+0000,ea1c415c5c7e97880609414805940ea6,686707200,/data_local/images/DTS/2019A-0305/DECam_01032874.fits.fz,/net/archive/mtn/20210913/ct4m/2019A-0305/c4d_210913_190825_fri.fits.fz,37.0595416666667,-5.44416305555556,N708 DECam c0012 7080.0 400.0,,,100.0,2021-09-13,2021-09-13T19:08:25.067803+0000,[4512],Drlica-Wagner,2019A-0305,2021-09-13,decam,ct4m,ct,,dome flat,raw,image,,2021-09-13,[None]
2021-09-12T18:04:22.441277+0000,c9599b40b6afd548119f4b02887bc281,687470400,/data_local/images/DTS/2019A-0337/DECam_01032582.fits.fz,/net/archive/mtn/20210912/ct4m/2019A-0337/c4d_210912_175125_fri.fits.fz,37.0595416666667,-5.44416305555556,N708 DECam c0012 7080.0 400.0,,,100.0,2021-09-12,2021-09-12T17:51:25.844714+0000,[5011],Trilling,2019A-0337,2021-09-12,decam,ct4m,ct,,dome flat,raw,image,,2021-09-12,[None]
2021-09-06T05:48:36.488723+0000,c7c2e8082857a8f6016e8f3d93063668,683856000,/data_local/images/DTS/2019A-0337/DECam_01029257.fits.fz,/net/archive/mtn/20210905/ct4m/2019A-0337/c4d_210905_191349_fri.fits.fz,52.6000041666667,-28.1,N708 DECam c0012 7080.0 400.0,,,100.0,2021-09-05,2021-09-05T19:13:49.289205+0000,[5011],Trilling,2019A-0337,2021-09-05,decam,ct4m,ct,,dome flat,raw,image,,2021-09-05,[None]
2021-09-10T19:16:19.967899+0000,2c44d1c27eb3f4a7c6b85fd9e7214b3c,684544320,/data_local/images/DTS/2019A-0337/DECam_01032188.fits.fz,/net/archive/mtn/20210910/ct4m/2019A-0337/c4d_210910_190717_fri.fits.fz,52.6000041666667,-28.1,N708 DECam c0012 7080.0 400.0,,,100.0,2021-09-10,2021-09-10T19:07:17.569249+0000,[5011],Trilling,2019A-0337,2021-09-10,decam,ct4m,ct,,dome flat,raw,image,,2021-09-10,[None]
2021-09-09T19:32:25.475064+0000,e3881ff2a12e2fce61fc346af96de9b4,684288000,/data_local/images/DTS/2019A-0337/DECam_01031594.fits.fz,/net/archive/mtn/20210909/ct4m/2019A-0337/c4d_210909_192343_fri.fits.fz,52.6000041666667,-28.1,N708 DECam c0012 7080.0 400.0,,,100.0,2021-09-09,2021-09-09T19:23:43.805097+0000,[5011],Trilling,2019A-0337,2021-09-09,decam,ct4m,ct,,dome flat,raw,image,,2021-09-09,[None]
2021-09-07T19:20:25.711896+0000,1f08129251a956f90aeb8e17646106fd,685883520,/data_local/images/DTS/2019A-0337/DECam_01030405.fits.fz,/net/archive/mtn/20210907/ct4m/2019A-0337/c4d_210907_191043_fri.fits.fz,338.358329166667,-60.6358330555556,N708 DECam c0012 7080.0 400.0,,,100.0,2021-09-07,2021-09-07T19:10:43.393810+0000,[5011],Trilling,2019A-0337,2021-09-07,decam,ct4m,ct,,dome flat,raw,image,,2021-09-07,[None]
2021-09-11T18:04:19.695494+0000,0b1f4dd6a8776f5885f39a1a9359438d,688507200,/data_local/images/DTS/2019A-0337/DECam_01032466.fits.fz,/net/archive/mtn/20210911/ct4m/2019A-0337/c4d_210911_175233_fri.fits.fz,37.0595416666667,-5.44416305555556,N708 DECam c0012 7080.0 400.0,,,100.0,2021-09-11,2021-09-11T17:52:33.512904+0000,[5011],Trilling,2019A-0337,2021-09-11,decam,ct4m,ct,,dome flat,raw,image,,2021-09-11,[None]
2021-09-11T18:12:21.925162+0000,9153980a892438f35174b85d587fc3ea,687983040,/data_local/images/DTS/2019A-0337/DECam_01032470.fits.fz,/net/archive/mtn/20210911/ct4m/2019A-0337/c4d_210911_180050_fri.fits.fz,37.0595416666667,-5.44416305555556,N708 DECam c0012 7080.0 400.0,,,100.0,2021-09-11,2021-09-11T18:00:50.244083+0000,[5011],Trilling,2019A-0337,2021-09-11,decam,ct4m,ct,,dome flat,raw,image,,2021-09-11,[None]
2021-09-06T19:28:24.012681+0000,d6c11812734c192fd0fc3d8826c1f4ae,685512000,/data_local/images/DTS/2019A-0337/DECam_01029819.fits.fz,/net/archive/mtn/20210906/ct4m/2019A-0337/c4d_210906_191935_fri.fits.fz,338.358329166667,-60.6358330555556,N708 DECam c0012 7080.0 400.0,,,100.0,2021-09-06,2021-09-06T19:19:35.599910+0000,[5011],Trilling,2019A-0337,2021-09-06,decam,ct4m,ct,,dome flat,raw,image,,2021-09-06,[None]
2021-09-06T19:48:22.237105+0000,7ba35b414ca50736cd368d28313a9ee2,685601280,/data_local/images/DTS/2019A-0337/DECam_01029825.fits.fz,/net/archive/mtn/20210906/ct4m/2019A-0337/c4d_210906_193200_fri.fits.fz,338.358329166667,-60.6358330555556,N708 DECam c0012 7080.0 400.0,,,100.0,2021-09-06,2021-09-06T19:32:00.833216+0000,[5011],Trilling,2019A-0337,2021-09-06,decam,ct4m,ct,,dome flat,raw,image,,2021-09-06,[None]
2021-09-06T19:40:21.994854+0000,057bc2a77db718d4b2b433fb945e4d00,685517760,/data_local/images/DTS/2019A-0337/DECam_01029823.fits.fz,/net/archive/mtn/20210906/ct4m/2019A-0337/c4d_210906_192752_fri.fits.fz,338.358329166667,-60.6358330555556,N708 DECam c0012 7080.0 400.0,,,100.0,2021-09-06,2021-09-06T19:27:52.415158+0000,[5011],Trilling,2019A-0337,2021-09-06,decam,ct4m,ct,,dome flat,raw,image,,2021-09-06,[None]
2021-09-08T19:36:27.924380+0000,4936d1ed2cf5e854e3263f24b7835f0e,685056960,/data_local/images/DTS/2019A-0337/DECam_01030989.fits.fz,/net/archive/mtn/20210908/ct4m/2019A-0337/c4d_210908_192231_fri.fits.fz,338.358329166667,-60.6358330555556,N708 DECam c0012 7080.0 400.0,,,100.0,2021-09-08,2021-09-08T19:22:31.508515+0000,[5011],Trilling,2019A-0337,2021-09-08,decam,ct4m,ct,,dome flat,raw,image,,2021-09-08,[None]
2021-09-08T19:32:23.468910+0000,3d5fd77a769a8c9193aaffa4c472f7fc,685186560,/data_local/images/DTS/2019A-0337/DECam_01030988.fits.fz,/net/archive/mtn/20210908/ct4m/2019A-0337/c4d_210908_192027_fri.fits.fz,338.358329166667,-60.6358330555556,N708 DECam c0012 7080.0 400.0,,,100.0,2021-09-08,2021-09-08T19:20:27.245950+0000,[5011],Trilling,2019A-0337,2021-09-08,decam,ct4m,ct,,dome flat,raw,image,,2021-09-08,[None]
2021-09-07T19:27:24.977821+0000,97c4dedf240e6f3bd28de26362572b63,685788480,/data_local/images/DTS/2019A-0337/DECam_01030408.fits.fz,/net/archive/mtn/20210907/ct4m/2019A-0337/c4d_210907_191655_fri.fits.fz,338.358329166667,-60.6358330555556,N708 DECam c0012 7080.0 400.0,,,100.0,2021-09-07,2021-09-07T19:16:55.946238+0000,[5011],Trilling,2019A-0337,2021-09-07,decam,ct4m,ct,,dome flat,raw,image,,2021-09-07,[None]
2021-09-14T19:36:25.956453+0000,075b0cead7b4f6cae2b2c95fe46d480a,685673280,/data_local/images/DTS/2019A-0305/DECam_01033092.fits.fz,/net/archive/mtn/20210914/ct4m/2019A-0305/c4d_210914_184830_fri.fits.fz,37.0595416666667,-5.44416305555556,N708 DECam c0012 7080.0 400.0,,,100.0,2021-09-14,2021-09-14T18:48:30.823806+0000,[4512],Drlica-Wagner,2019A-0305,2021-09-14,decam,ct4m,ct,,dome flat,raw,image,,2021-09-14,[None]
2021-09-14T18:45:37.350898+0000,c113f79e67a5b6372c23b06f1b7348f9,686332800,/data_local/images/DTS/2019A-0305/DECam_01033082.fits.fz,/net/archive/mtn/20210914/ct4m/2019A-0305/c4d_210914_182748_fri.fits.fz,37.0595416666667,-5.44416305555556,N708 DECam c0012 7080.0 400.0,,,100.0,2021-09-14,2021-09-14T18:27:48.983868+0000,[4512],Drlica-Wagner,2019A-0305,2021-09-14,decam,ct4m,ct,,dome flat,raw,image,,2021-09-14,[None]
2021-09-03T20:04:22.681650+0000,eb770a4e357f6dbde32bbee7bb93c9b4,685261440,/data_local/images/DTS/2019A-0337/DECam_01028418.fits.fz,/net/archive/mtn/20210903/ct4m/2019A-0337/c4d_210903_195605_fri.fits.fz,357.1428,-30.8257380555556,N708 DECam c0012 7080.0 400.0,,,100.0,2021-09-03,2021-09-03T19:56:05.250164+0000,[5011],Trilling,2019A-0337,2021-09-03,decam,ct4m,ct,,dome flat,raw,image,,2021-09-03,[None]
2021-09-06T05:54:45.734874+0000,057326218dfa165101dec8441b79bc39,684164160,/data_local/images/DTS/2019A-0337/DECam_01029251.fits.fz,/net/archive/mtn/20210905/ct4m/2019A-0337/c4d_210905_190123_fri.fits.fz,52.6000041666667,-28.1,N708 DECam c0012 7080.0 400.0,,,100.0,2021-09-05,2021-09-05T19:01:23.928644+0000,[5011],Trilling,2019A-0337,2021-09-05,decam,ct4m,ct,,dome flat,raw,image,,2021-09-05,[None]
2021-09-14T18:44:20.164372+0000,189e96b61b4fddc62e5d8cd8b6ba7ff7,686062080,/data_local/images/DTS/2019A-0305/DECam_01033085.fits.fz,/net/archive/mtn/20210914/ct4m/2019A-0305/c4d_210914_183401_fri.fits.fz,37.0595416666667,-5.44416305555556,N708 DECam c0012 7080.0 400.0,,,100.0,2021-09-14,2021-09-14T18:34:01.559640+0000,[4512],Drlica-Wagner,2019A-0305,2021-09-14,decam,ct4m,ct,,dome flat,raw,image,,2021-09-14,[None]
2021-09-14T18:45:38.705717+0000,c1da9a7c791daa672367165e428586a8,686119680,/data_local/images/DTS/2019A-0305/DECam_01033083.fits.fz,/net/archive/mtn/20210914/ct4m/2019A-0305/c4d_210914_182953_fri.fits.fz,37.0595416666667,-5.44416305555556,N708 DECam c0012 7080.0 400.0,,,100.0,2021-09-14,2021-09-14T18:29:53.250424+0000,[4512],Drlica-Wagner,2019A-0305,2021-09-14,decam,ct4m,ct,,dome flat,raw,image,,2021-09-14,[None]
2021-09-09T19:27:51.043247+0000,a9681f5e0ca9f712185cefad4a3b8e42,684311040,/data_local/images/DTS/2019A-0337/DECam_01031590.fits.fz,/net/archive/mtn/20210909/ct4m/2019A-0337/c4d_210909_191526_fri.fits.fz,52.6000041666667,-28.1,N708 DECam c0012 7080.0 400.0,,,100.0,2021-09-09,2021-09-09T19:15:26.695238+0000,[5011],Trilling,2019A-0337,2021-09-09,decam,ct4m,ct,,dome flat,raw,image,,2021-09-09,[None]
2021-09-12T18:16:18.491779+0000,f2bda1153b29f3d261f0505f677a5090,686629440,/data_local/images/DTS/2019A-0337/DECam_01032588.fits.fz,/net/archive/mtn/20210912/ct4m/2019A-0337/c4d_210912_180351_fri.fits.fz,37.0595416666667,-5.44416305555556,N708 DECam c0012 7080.0 400.0,,,100.0,2021-09-12,2021-09-12T18:03:51.732519+0000,[5011],Trilling,2019A-0337,2021-09-12,decam,ct4m,ct,,dome flat,raw,image,,2021-09-12,[None]
2021-09-11T18:08:24.132522+0000,9bbe634ed65b2621e98e4ff56ab1ee97,688109760,/data_local/images/DTS/2019A-0337/DECam_01032469.fits.fz,/net/archive/mtn/20210911/ct4m/2019A-0337/c4d_210911_175846_fri.fits.fz,37.0595416666667,-5.44416305555556,N708 DECam c0012 7080.0 400.0,,,100.0,2021-09-11,2021-09-11T17:58:46.060935+0000,[5011],Trilling,2019A-0337,2021-09-11,decam,ct4m,ct,,dome flat,raw,image,,2021-09-11,[None]
2021-09-11T18:18:22.265499+0000,32ca4d44a8f7fc8b55dd3bcd6b2ae281,687571200,/data_local/images/DTS/2019A-0337/DECam_01032474.fits.fz,/net/archive/mtn/20210911/ct4m/2019A-0337/c4d_210911_180906_fri.fits.fz,37.0595416666667,-5.44416305555556,N708 DECam c0012 7080.0 400.0,,,100.0,2021-09-11,2021-09-11T18:09:06.949553+0000,[5011],Trilling,2019A-0337,2021-09-11,decam,ct4m,ct,,dome flat,raw,image,,2021-09-11,[None]
2021-09-12T18:16:21.081783+0000,7c7f229c451942fcc6a4096b51fa8f8e,686499840,/data_local/images/DTS/2019A-0337/DECam_01032589.fits.fz,/net/archive/mtn/20210912/ct4m/2019A-0337/c4d_210912_180555_fri.fits.fz,37.0595416666667,-5.44416305555556,N708 DECam c0012 7080.0 400.0,,,100.0,2021-09-12,2021-09-12T18:05:55.911574+0000,[5011],Trilling,2019A-0337,2021-09-12,decam,ct4m,ct,,dome flat,raw,image,,2021-09-12,[None]
2021-09-13T19:24:22.769816+0000,1ec1e524735c99bf7dbfe8dc08611f95,679138560,/data_local/images/DTS/2019A-0305/DECam_01032877.fits.fz,/net/archive/mtn/20210913/ct4m/2019A-0305/c4d_210913_191437_fri.fits.fz,37.0595416666667,-5.44416305555556,N708 DECam c0012 7080.0 400.0,,,100.0,2021-09-13,2021-09-13T19:14:37.722300+0000,[4512],Drlica-Wagner,2019A-0305,2021-09-13,decam,ct4m,ct,,dome flat,raw,image,,2021-09-13,[None]
2021-09-06T19:28:23.791276+0000,36044c8484d979d7c785d6af16a35ea4,685218240,/data_local/images/DTS/2019A-0337/DECam_01029818.fits.fz,/net/archive/mtn/20210906/ct4m/2019A-0337/c4d_210906_191731_fri.fits.fz,338.358329166667,-60.6358330555556,N708 DECam c0012 7080.0 400.0,,,100.0,2021-09-06,2021-09-06T19:17:31.390092+0000,[5011],Trilling,2019A-0337,2021-09-06,decam,ct4m,ct,,dome flat,raw,image,,2021-09-06,[None]
2021-09-13T19:20:20.304020+0000,5ac6df710a24c095ce65b47a4d96f0a0,683225280,/data_local/images/DTS/2019A-0305/DECam_01032876.fits.fz,/net/archive/mtn/20210913/ct4m/2019A-0305/c4d_210913_191233_fri.fits.fz,37.0595416666667,-5.44416305555556,N708 DECam c0012 7080.0 400.0,,,100.0,2021-09-13,2021-09-13T19:12:33.499076+0000,[4512],Drlica-Wagner,2019A-0305,2021-09-13,decam,ct4m,ct,,dome flat,raw,image,,2021-09-13,[None]
2021-09-13T19:27:24.173324+0000,3f1a0ceda80abe7b3f58860b8b1464fa,678504960,/data_local/images/DTS/2019A-0305/DECam_01032879.fits.fz,/net/archive/mtn/20210913/ct4m/2019A-0305/c4d_210913_191846_fri.fits.fz,37.0595416666667,-5.44416305555556,N708 DECam c0012 7080.0 400.0,,,100.0,2021-09-13,2021-09-13T19:18:46.087194+0000,[4512],Drlica-Wagner,2019A-0305,2021-09-13,decam,ct4m,ct,,dome flat,raw,image,,2021-09-13,[None]
2021-09-09T19:16:27.308935+0000,80002787adcb94314807f80a811afdf8,684377280,/data_local/images/DTS/2019A-0337/DECam_01031587.fits.fz,/net/archive/mtn/20210909/ct4m/2019A-0337/c4d_210909_190914_fri.fits.fz,52.6000041666667,-28.1,N708 DECam c0012 7080.0 400.0,,,100.0,2021-09-09,2021-09-09T19:09:14.069686+0000,[5011],Trilling,2019A-0337,2021-09-09,decam,ct4m,ct,,dome flat,raw,image,,2021-09-09,[None]
2021-09-09T19:16:19.358190+0000,e096f19d4a6073cd09f14b766fcb28cb,684437760,/data_local/images/DTS/2019A-0337/DECam_01031585.fits.fz,/net/archive/mtn/20210909/ct4m/2019A-0337/c4d_210909_190505_fri.fits.fz,52.6000041666667,-28.1,N708 DECam c0012 7080.0 400.0,,,100.0,2021-09-09,2021-09-09T19:05:05.579900+0000,[5011],Trilling,2019A-0337,2021-09-09,decam,ct4m,ct,,dome flat,raw,image,,2021-09-09,[None]
2021-09-09T19:32:26.902217+0000,fd7f090d501f8d48da01729faa4472c6,684296640,/data_local/images/DTS/2019A-0337/DECam_01031593.fits.fz,/net/archive/mtn/20210909/ct4m/2019A-0337/c4d_210909_192139_fri.fits.fz,52.6000041666667,-28.1,N708 DECam c0012 7080.0 400.0,,,100.0,2021-09-09,2021-09-09T19:21:39.421517+0000,[5011],Trilling,2019A-0337,2021-09-09,decam,ct4m,ct,,dome flat,raw,image,,2021-09-09,[None]
2021-09-14T18:48:20.353591+0000,d9fe3b69624d1074c5c098cf492b00f7,686139840,/data_local/images/DTS/2019A-0305/DECam_01033084.fits.fz,/net/archive/mtn/20210914/ct4m/2019A-0305/c4d_210914_183157_fri.fits.fz,37.0595416666667,-5.44416305555556,N708 DECam c0012 7080.0 400.0,,,100.0,2021-09-14,2021-09-14T18:31:57.352556+0000,[4512],Drlica-Wagner,2019A-0305,2021-09-14,decam,ct4m,ct,,dome flat,raw,image,,2021-09-14,[None]
2021-09-11T17:56:22.903390+0000,81b6c9f8b84dfec682fe49256f6e71c2,688498560,/data_local/images/DTS/2019A-0337/DECam_01032464.fits.fz,/net/archive/mtn/20210911/ct4m/2019A-0337/c4d_210911_174824_fri.fits.fz,37.0595416666667,-5.44416305555556,N708 DECam c0012 7080.0 400.0,,,100.0,2021-09-11,2021-09-11T17:48:24.985203+0000,[5011],Trilling,2019A-0337,2021-09-11,decam,ct4m,ct,,dome flat,raw,image,,2021-09-11,[None]
2021-09-13T19:32:24.477754+0000,4a7b1ac1f5c44858a0693b6de2278674,679357440,/data_local/images/DTS/2019A-0305/DECam_01032880.fits.fz,/net/archive/mtn/20210913/ct4m/2019A-0305/c4d_210913_192050_fri.fits.fz,37.0595416666667,-5.44416305555556,N708 DECam c0012 7080.0 400.0,,,100.0,2021-09-13,2021-09-13T19:20:50.421449+0000,[4512],Drlica-Wagner,2019A-0305,2021-09-13,decam,ct4m,ct,,dome flat,raw,image,,2021-09-13,[None]
2021-09-14T19:00:22.229327+0000,2fc78a708bc43107368052913eaea711,685644480,/data_local/images/DTS/2019A-0305/DECam_01033090.fits.fz,/net/archive/mtn/20210914/ct4m/2019A-0305/c4d_210914_184422_fri.fits.fz,37.0595416666667,-5.44416305555556,N708 DECam c0012 7080.0 400.0,,,100.0,2021-09-14,2021-09-14T18:44:22.483617+0000,[4512],Drlica-Wagner,2019A-0305,2021-09-14,decam,ct4m,ct,,dome flat,raw,image,,2021-09-14,[None]
2021-09-06T19:24:23.076205+0000,bc0cfd0b0a6484cee282497be4fa8deb,684233280,/data_local/images/DTS/2019A-0337/DECam_01029816.fits.fz,/net/archive/mtn/20210906/ct4m/2019A-0337/c4d_210906_191322_fri.fits.fz,338.358329166667,-60.6358330555556,N708 DECam c0012 7080.0 400.0,,,100.0,2021-09-06,2021-09-06T19:13:22.984008+0000,[5011],Trilling,2019A-0337,2021-09-06,decam,ct4m,ct,,dome flat,raw,image,,2021-09-06,[None]
2021-09-06T19:36:40.153835+0000,c2259fa177d80015aedfb0c2db2c7455,684305280,/data_local/images/DTS/2019A-0337/DECam_01029821.fits.fz,/net/archive/mtn/20210906/ct4m/2019A-0337/c4d_210906_192343_fri.fits.fz,338.358329166667,-60.6358330555556,N708 DECam c0012 7080.0 400.0,,,100.0,2021-09-06,2021-09-06T19:23:43.990988+0000,[5011],Trilling,2019A-0337,2021-09-06,decam,ct4m,ct,,dome flat,raw,image,,2021-09-06,[None]
2021-09-06T05:52:26.189911+0000,f2fad1400280d0debd2052409e565255,684907200,/data_local/images/DTS/2019A-0337/DECam_01029253.fits.fz,/net/archive/mtn/20210905/ct4m/2019A-0337/c4d_210905_190532_fri.fits.fz,52.6000041666667,-28.1,N708 DECam c0012 7080.0 400.0,,,100.0,2021-09-05,2021-09-05T19:05:32.657417+0000,[5011],Trilling,2019A-0337,2021-09-05,decam,ct4m,ct,,dome flat,raw,image,,2021-09-05,[None]
2021-09-08T19:44:24.407047+0000,dd4ac8388f78bde3603d353d47dfd91d,684434880,/data_local/images/DTS/2019A-0337/DECam_01030994.fits.fz,/net/archive/mtn/20210908/ct4m/2019A-0337/c4d_210908_193252_fri.fits.fz,338.358329166667,-60.6358330555556,N708 DECam c0012 7080.0 400.0,,,100.0,2021-09-08,2021-09-08T19:32:52.416103+0000,[5011],Trilling,2019A-0337,2021-09-08,decam,ct4m,ct,,dome flat,raw,image,,2021-09-08,[None]
2021-09-08T19:24:22.760620+0000,653d81158800636de02dc5346743edf2,685889280,/data_local/images/DTS/2019A-0337/DECam_01030985.fits.fz,/net/archive/mtn/20210908/ct4m/2019A-0337/c4d_210908_191414_fri.fits.fz,338.358329166667,-60.6358330555556,N708 DECam c0012 7080.0 400.0,,,100.0,2021-09-08,2021-09-08T19:14:14.307474+0000,[5011],Trilling,2019A-0337,2021-09-08,decam,ct4m,ct,,dome flat,raw,image,,2021-09-08,[None]
2021-09-08T19:40:20.835902+0000,0163fe11ab484f6603b35ebca3fa669d,684662400,/data_local/images/DTS/2019A-0337/DECam_01030993.fits.fz,/net/archive/mtn/20210908/ct4m/2019A-0337/c4d_210908_193048_fri.fits.fz,338.358329166667,-60.6358330555556,N708 DECam c0012 7080.0 400.0,,,100.0,2021-09-08,2021-09-08T19:30:48.321318+0000,[5011],Trilling,2019A-0337,2021-09-08,decam,ct4m,ct,,dome flat,raw,image,,2021-09-08,[None]
2021-09-10T19:12:20.278635+0000,5cb676eb99561cbd08f48a403381573c,684671040,/data_local/images/DTS/2019A-0337/DECam_01032186.fits.fz,/net/archive/mtn/20210910/ct4m/2019A-0337/c4d_210910_190309_fri.fits.fz,52.6000041666667,-28.1,N708 DECam c0012 7080.0 400.0,,,100.0,2021-09-10,2021-09-10T19:03:09.197033+0000,[5011],Trilling,2019A-0337,2021-09-10,decam,ct4m,ct,,dome flat,raw,image,,2021-09-10,[None]
2021-09-10T19:12:22.373382+0000,7f22aa57699453033b5adc4206d36c2b,684443520,/data_local/images/DTS/2019A-0337/DECam_01032187.fits.fz,/net/archive/mtn/20210910/ct4m/2019A-0337/c4d_210910_190513_fri.fits.fz,52.6000041666667,-28.1,N708 DECam c0012 7080.0 400.0,,,100.0,2021-09-10,2021-09-10T19:05:13.454129+0000,[5011],Trilling,2019A-0337,2021-09-10,decam,ct4m,ct,,dome flat,raw,image,,2021-09-10,[None]
2021-09-10T19:20:19.850023+0000,fa954e9bdfd07b0c9bbdc1c9043314f5,684406080,/data_local/images/DTS/2019A-0337/DECam_01032190.fits.fz,/net/archive/mtn/20210910/ct4m/2019A-0337/c4d_210910_191125_fri.fits.fz,52.6000041666667,-28.1,N708 DECam c0012 7080.0 400.0,,,100.0,2021-09-10,2021-09-10T19:11:25.831734+0000,[5011],Trilling,2019A-0337,2021-09-10,decam,ct4m,ct,,dome flat,raw,image,,2021-09-10,[None]
2021-09-07T19:12:26.944223+0000,d63a46c1f674fdadf11ef31fd42e880a,689682240,/data_local/images/DTS/2019A-0337/DECam_01030400.fits.fz,/net/archive/mtn/20210907/ct4m/2019A-0337/c4d_210907_190022_fri.fits.fz,338.358329166667,-60.6358330555556,N708 DECam c0012 7080.0 400.0,,,100.0,2021-09-07,2021-09-07T19:00:22.403287+0000,[5011],Trilling,2019A-0337,2021-09-07,decam,ct4m,ct,,dome flat,raw,image,,2021-09-07,[None]
2021-09-07T19:27:24.574949+0000,041625dd3d2b64f8e15f85dee87f97fb,686113920,/data_local/images/DTS/2019A-0337/DECam_01030409.fits.fz,/net/archive/mtn/20210907/ct4m/2019A-0337/c4d_210907_191900_fri.fits.fz,338.358329166667,-60.6358330555556,N708 DECam c0012 7080.0 400.0,,,100.0,2021-09-07,2021-09-07T19:19:00.127446+0000,[5011],Trilling,2019A-0337,2021-09-07,decam,ct4m,ct,,dome flat,raw,image,,2021-09-07,[None]
2021-09-08T19:32:25.585033+0000,47202fe4730e9f4a6b16768651b1c245,685327680,/data_local/images/DTS/2019A-0337/DECam_01030987.fits.fz,/net/archive/mtn/20210908/ct4m/2019A-0337/c4d_210908_191822_fri.fits.fz,338.358329166667,-60.6358330555556,N708 DECam c0012 7080.0 400.0,,,100.0,2021-09-08,2021-09-08T19:18:22.719392+0000,[5011],Trilling,2019A-0337,2021-09-08,decam,ct4m,ct,,dome flat,raw,image,,2021-09-08,[None]
2021-09-09T19:20:24.105170+0000,75fe34a56687d6a940563c592d6adef5,684406080,/data_local/images/DTS/2019A-0337/DECam_01031588.fits.fz,/net/archive/mtn/20210909/ct4m/2019A-0337/c4d_210909_191118_fri.fits.fz,52.6000041666667,-28.1,N708 DECam c0012 7080.0 400.0,,,100.0,2021-09-09,2021-09-09T19:11:18.288561+0000,[5011],Trilling,2019A-0337,2021-09-09,decam,ct4m,ct,,dome flat,raw,image,,2021-09-09,[None]
2021-09-09T19:27:48.785057+0000,86509a95aa17d97dea0d3d106ef765e4,684270720,/data_local/images/DTS/2019A-0337/DECam_01031591.fits.fz,/net/archive/mtn/20210909/ct4m/2019A-0337/c4d_210909_191730_fri.fits.fz,52.6000041666667,-28.1,N708 DECam c0012 7080.0 400.0,,,100.0,2021-09-09,2021-09-09T19:17:30.982653+0000,[5011],Trilling,2019A-0337,2021-09-09,decam,ct4m,ct,,dome flat,raw,image,,2021-09-09,[None]
2021-09-09T19:24:22.315583+0000,e19d5bdf5f017d7f8f8c00d038470cc9,684325440,/data_local/images/DTS/2019A-0337/DECam_01031589.fits.fz,/net/archive/mtn/20210909/ct4m/2019A-0337/c4d_210909_191322_fri.fits.fz,52.6000041666667,-28.1,N708 DECam c0012 7080.0 400.0,,,100.0,2021-09-09,2021-09-09T19:13:22.426602+0000,[5011],Trilling,2019A-0337,2021-09-09,decam,ct4m,ct,,dome flat,raw,image,,2021-09-09,[None]
2021-09-09T19:32:23.254510+0000,c5b75161e13fe8e4c9bc92d3d0606790,684250560,/data_local/images/DTS/2019A-0337/DECam_01031592.fits.fz,/net/archive/mtn/20210909/ct4m/2019A-0337/c4d_210909_191935_fri.fits.fz,52.6000041666667,-28.1,N708 DECam c0012 7080.0 400.0,,,100.0,2021-09-09,2021-09-09T19:19:35.179369+0000,[5011],Trilling,2019A-0337,2021-09-09,decam,ct4m,ct,,dome flat,raw,image,,2021-09-09,[None]
2021-09-12T18:08:25.405727+0000,d576d894ca51838a64337e507dadb18e,687032640,/data_local/images/DTS/2019A-0337/DECam_01032586.fits.fz,/net/archive/mtn/20210912/ct4m/2019A-0337/c4d_210912_175942_fri.fits.fz,37.0595416666667,-5.44416305555556,N708 DECam c0012 7080.0 400.0,,,100.0,2021-09-12,2021-09-12T17:59:42.911367+0000,[5011],Trilling,2019A-0337,2021-09-12,decam,ct4m,ct,,dome flat,raw,image,,2021-09-12,[None]
2021-09-12T18:16:23.578113+0000,bd8b0f5491b9b80ae530ad0a546cff18,686649600,/data_local/images/DTS/2019A-0337/DECam_01032587.fits.fz,/net/archive/mtn/20210912/ct4m/2019A-0337/c4d_210912_180147_fri.fits.fz,37.0595416666667,-5.44416305555556,N708 DECam c0012 7080.0 400.0,,,100.0,2021-09-12,2021-09-12T18:01:47.336618+0000,[5011],Trilling,2019A-0337,2021-09-12,decam,ct4m,ct,,dome flat,raw,image,,2021-09-12,[None]
2021-09-13T19:12:25.835861+0000,66cc47b7ea3220290fd0454d09698edb,687245760,/data_local/images/DTS/2019A-0305/DECam_01032872.fits.fz,/net/archive/mtn/20210913/ct4m/2019A-0305/c4d_210913_190416_fri.fits.fz,37.0595416666667,-5.44416305555556,N708 DECam c0012 7080.0 400.0,,,100.0,2021-09-13,2021-09-13T19:04:16.750392+0000,[4512],Drlica-Wagner,2019A-0305,2021-09-13,decam,ct4m,ct,,dome flat,raw,image,,2021-09-13,[None]
2021-09-13T19:16:21.541259+0000,42efdb38f341c6bf15b0b9c396189fbf,686808000,/data_local/images/DTS/2019A-0305/DECam_01032873.fits.fz,/net/archive/mtn/20210913/ct4m/2019A-0305/c4d_210913_190620_fri.fits.fz,37.0595416666667,-5.44416305555556,N708 DECam c0012 7080.0 400.0,,,100.0,2021-09-13,2021-09-13T19:06:20.847399+0000,[4512],Drlica-Wagner,2019A-0305,2021-09-13,decam,ct4m,ct,,dome flat,raw,image,,2021-09-13,[None]
2021-09-06T08:45:27.834014+0000,a0bc47cfebec63669be3c3d733b9cee8,684501120,/data_local/images/DTS/2019A-0337/DECam_01029248.fits.fz,/net/archive/mtn/20210905/ct4m/2019A-0337/c4d_210905_185511_fri.fits.fz,52.6000041666667,-28.1,N708 DECam c0012 7080.0 400.0,,,100.0,2021-09-05,2021-09-05T18:55:11.176623+0000,[5011],Trilling,2019A-0337,2021-09-05,decam,ct4m,ct,,dome flat,raw,image,,2021-09-05,[None]
2021-09-10T19:27:53.494161+0000,cf5ac3d2e8cb5938e593183db5225b86,684354240,/data_local/images/DTS/2019A-0337/DECam_01032194.fits.fz,/net/archive/mtn/20210910/ct4m/2019A-0337/c4d_210910_191942_fri.fits.fz,52.6000041666667,-28.1,N708 DECam c0012 7080.0 400.0,,,100.0,2021-09-10,2021-09-10T19:19:42.571956+0000,[5011],Trilling,2019A-0337,2021-09-10,decam,ct4m,ct,,dome flat,raw,image,,2021-09-10,[None]
2021-09-12T18:08:23.436208+0000,a61fc78dc06e1310557e0c0daf5ab3fd,687216960,/data_local/images/DTS/2019A-0337/DECam_01032584.fits.fz,/net/archive/mtn/20210912/ct4m/2019A-0337/c4d_210912_175534_fri.fits.fz,37.0595416666667,-5.44416305555556,N708 DECam c0012 7080.0 400.0,,,100.0,2021-09-12,2021-09-12T17:55:34.291784+0000,[5011],Trilling,2019A-0337,2021-09-12,decam,ct4m,ct,,dome flat,raw,image,,2021-09-12,[None]
2021-09-12T18:24:24.873145+0000,d713885c72300b88b29e81fbaf850cd6,686643840,/data_local/images/DTS/2019A-0337/DECam_01032590.fits.fz,/net/archive/mtn/20210912/ct4m/2019A-0337/c4d_210912_180800_fri.fits.fz,37.0595416666667,-5.44416305555556,N708 DECam c0012 7080.0 400.0,,,100.0,2021-09-12,2021-09-12T18:08:00.067843+0000,[5011],Trilling,2019A-0337,2021-09-12,decam,ct4m,ct,,dome flat,raw,image,,2021-09-12,[None]
2021-09-14T18:56:25.885660+0000,6312d4bb7e728b753720c956be3bbf08,685874880,/data_local/images/DTS/2019A-0305/DECam_01033087.fits.fz,/net/archive/mtn/20210914/ct4m/2019A-0305/c4d_210914_183809_fri.fits.fz,37.0595416666667,-5.44416305555556,N708 DECam c0012 7080.0 400.0,,,100.0,2021-09-14,2021-09-14T18:38:09.900326+0000,[4512],Drlica-Wagner,2019A-0305,2021-09-14,decam,ct4m,ct,,dome flat,raw,image,,2021-09-14,[None]
2021-09-06T05:52:29.203356+0000,233a95ffb73cbdf63e0ea16b95c1d867,683807040,/data_local/images/DTS/2019A-0337/DECam_01029256.fits.fz,/net/archive/mtn/20210905/ct4m/2019A-0337/c4d_210905_191145_fri.fits.fz,52.6000041666667,-28.1,N708 DECam c0012 7080.0 400.0,,,100.0,2021-09-05,2021-09-05T19:11:45.170161+0000,[5011],Trilling,2019A-0337,2021-09-05,decam,ct4m,ct,,dome flat,raw,image,,2021-09-05,[None]
2021-09-06T19:24:26.018784+0000,cf88cc1e5f0ac138251878dc9d7cc3b7,684840960,/data_local/images/DTS/2019A-0337/DECam_01029817.fits.fz,/net/archive/mtn/20210906/ct4m/2019A-0337/c4d_210906_191527_fri.fits.fz,338.358329166667,-60.6358330555556,N708 DECam c0012 7080.0 400.0,,,100.0,2021-09-06,2021-09-06T19:15:27.150756+0000,[5011],Trilling,2019A-0337,2021-09-06,decam,ct4m,ct,,dome flat,raw,image,,2021-09-06,[None]
2021-09-06T19:36:31.085988+0000,922d2b87d9b1550c5bc0a22448f22ddb,684797760,/data_local/images/DTS/2019A-0337/DECam_01029822.fits.fz,/net/archive/mtn/20210906/ct4m/2019A-0337/c4d_210906_192548_fri.fits.fz,338.358329166667,-60.6358330555556,N708 DECam c0012 7080.0 400.0,,,100.0,2021-09-06,2021-09-06T19:25:48.225909+0000,[5011],Trilling,2019A-0337,2021-09-06,decam,ct4m,ct,,dome flat,raw,image,,2021-09-06,[None]
2021-09-06T19:36:38.421915+0000,db6bc7152ead581311ffa3c3f28c05c5,685863360,/data_local/images/DTS/2019A-0337/DECam_01029820.fits.fz,/net/archive/mtn/20210906/ct4m/2019A-0337/c4d_210906_192139_fri.fits.fz,338.358329166667,-60.6358330555556,N708 DECam c0012 7080.0 400.0,,,100.0,2021-09-06,2021-09-06T19:21:39.782393+0000,[5011],Trilling,2019A-0337,2021-09-06,decam,ct4m,ct,,dome flat,raw,image,,2021-09-06,[None]
2021-09-07T19:12:28.400884+0000,dae088dc58d95a2dee7c48544eaddbb7,686401920,/data_local/images/DTS/2019A-0337/DECam_01030401.fits.fz,/net/archive/mtn/20210907/ct4m/2019A-0337/c4d_210907_190226_fri.fits.fz,338.358329166667,-60.6358330555556,N708 DECam c0012 7080.0 400.0,,,100.0,2021-09-07,2021-09-07T19:02:26.555499+0000,[5011],Trilling,2019A-0337,2021-09-07,decam,ct4m,ct,,dome flat,raw,image,,2021-09-07,[None]
2021-09-07T19:16:19.678357+0000,f72081a6b7d99423b226f20351ae7bb9,685624320,/data_local/images/DTS/2019A-0337/DECam_01030402.fits.fz,/net/archive/mtn/20210907/ct4m/2019A-0337/c4d_210907_190430_fri.fits.fz,338.358329166667,-60.6358330555556,N708 DECam c0012 7080.0 400.0,,,100.0,2021-09-07,2021-09-07T19:04:30.876402+0000,[5011],Trilling,2019A-0337,2021-09-07,decam,ct4m,ct,,dome flat,raw,image,,2021-09-07,[None]
2021-09-07T19:32:25.749933+0000,b773a08ef9407d15a8cd7e7deb7a362e,685874880,/data_local/images/DTS/2019A-0337/DECam_01030410.fits.fz,/net/archive/mtn/20210907/ct4m/2019A-0337/c4d_210907_192104_fri.fits.fz,338.358329166667,-60.6358330555556,N708 DECam c0012 7080.0 400.0,,,100.0,2021-09-07,2021-09-07T19:21:04.449693+0000,[5011],Trilling,2019A-0337,2021-09-07,decam,ct4m,ct,,dome flat,raw,image,,2021-09-07,[None]
2021-09-07T19:24:25.195802+0000,e575d85d9c79615c9b4ae2032de0c7e7,686044800,/data_local/images/DTS/2019A-0337/DECam_01030407.fits.fz,/net/archive/mtn/20210907/ct4m/2019A-0337/c4d_210907_191451_fri.fits.fz,338.358329166667,-60.6358330555556,N708 DECam c0012 7080.0 400.0,,,100.0,2021-09-07,2021-09-07T19:14:51.829188+0000,[5011],Trilling,2019A-0337,2021-09-07,decam,ct4m,ct,,dome flat,raw,image,,2021-09-07,[None]
2021-09-07T19:18:22.256092+0000,68c5fb9ad1273469aa1c50cb9852b11d,685863360,/data_local/images/DTS/2019A-0337/DECam_01030404.fits.fz,/net/archive/mtn/20210907/ct4m/2019A-0337/c4d_210907_190839_fri.fits.fz,338.358329166667,-60.6358330555556,N708 DECam c0012 7080.0 400.0,,,100.0,2021-09-07,2021-09-07T19:08:39.256726+0000,[5011],Trilling,2019A-0337,2021-09-07,decam,ct4m,ct,,dome flat,raw,image,,2021-09-07,[None]
2021-09-08T19:36:26.280132+0000,4517d6fa183d361b5110cfd53aa2fd5d,684855360,/data_local/images/DTS/2019A-0337/DECam_01030991.fits.fz,/net/archive/mtn/20210908/ct4m/2019A-0337/c4d_210908_192639_fri.fits.fz,338.358329166667,-60.6358330555556,N708 DECam c0012 7080.0 400.0,,,100.0,2021-09-08,2021-09-08T19:26:39.999025+0000,[5011],Trilling,2019A-0337,2021-09-08,decam,ct4m,ct,,dome flat,raw,image,,2021-09-08,[None]
2021-09-08T19:40:20.275649+0000,fb52bbab1a76976b0d5163e7e83a61b1,684688320,/data_local/images/DTS/2019A-0337/DECam_01030992.fits.fz,/net/archive/mtn/20210908/ct4m/2019A-0337/c4d_210908_192844_fri.fits.fz,338.358329166667,-60.6358330555556,N708 DECam c0012 7080.0 400.0,,,100.0,2021-09-08,2021-09-08T19:28:44.129498+0000,[5011],Trilling,2019A-0337,2021-09-08,decam,ct4m,ct,,dome flat,raw,image,,2021-09-08,[None]
2021-09-13T19:12:27.256441+0000,9edbe0c541703e9fc8a0518c0703a89c,690007680,/data_local/images/DTS/2019A-0305/DECam_01032871.fits.fz,/net/archive/mtn/20210913/ct4m/2019A-0305/c4d_210913_190212_fri.fits.fz,37.0595416666667,-5.44416305555556,N708 DECam c0012 7080.0 400.0,,,100.0,2021-09-13,2021-09-13T19:02:12.515333+0000,[4512],Drlica-Wagner,2019A-0305,2021-09-13,decam,ct4m,ct,,dome flat,raw,image,,2021-09-13,[None]
2021-09-10T19:24:19.856259+0000,f4a73f912ce8752c58d135d23b0bd88a,684388800,/data_local/images/DTS/2019A-0337/DECam_01032191.fits.fz,/net/archive/mtn/20210910/ct4m/2019A-0337/c4d_210910_191330_fri.fits.fz,52.6000041666667,-28.1,N708 DECam c0012 7080.0 400.0,,,100.0,2021-09-10,2021-09-10T19:13:30.042096+0000,[5011],Trilling,2019A-0337,2021-09-10,decam,ct4m,ct,,dome flat,raw,image,,2021-09-10,[None]
2021-09-10T19:32:20.464346+0000,a9d5fc63ea3bc71fe8b17f48f4860908,684437760,/data_local/images/DTS/2019A-0337/DECam_01032196.fits.fz,/net/archive/mtn/20210910/ct4m/2019A-0337/c4d_210910_192350_fri.fits.fz,52.6000041666667,-28.1,N708 DECam c0012 7080.0 400.0,,,100.0,2021-09-10,2021-09-10T19:23:50.914385+0000,[5011],Trilling,2019A-0337,2021-09-10,decam,ct4m,ct,,dome flat,raw,image,,2021-09-10,[None]
2021-09-11T18:20:22.248766+0000,4aae807d35af3e41dfed356bf92c70f7,687824640,/data_local/images/DTS/2019A-0337/DECam_01032473.fits.fz,/net/archive/mtn/20210911/ct4m/2019A-0337/c4d_210911_180702_fri.fits.fz,37.0595416666667,-5.44416305555556,N708 DECam c0012 7080.0 400.0,,,100.0,2021-09-11,2021-09-11T18:07:02.833530+0000,[5011],Trilling,2019A-0337,2021-09-11,decam,ct4m,ct,,dome flat,raw,image,,2021-09-11,[None]
2021-09-12T18:24:26.600451+0000,41c0a8f9e9ae1f8365863f6f3a6bf6e9,686482560,/data_local/images/DTS/2019A-0337/DECam_01032591.fits.fz,/net/archive/mtn/20210912/ct4m/2019A-0337/c4d_210912_181004_fri.fits.fz,37.0595416666667,-5.44416305555556,N708 DECam c0012 7080.0 400.0,,,100.0,2021-09-12,2021-09-12T18:10:04.241024+0000,[5011],Trilling,2019A-0337,2021-09-12,decam,ct4m,ct,,dome flat,raw,image,,2021-09-12,[None]
2021-09-06T05:52:30.514942+0000,6fbaa9b9aa6ecc509e526a1110b4cbf3,683772480,/data_local/images/DTS/2019A-0337/DECam_01029255.fits.fz,/net/archive/mtn/20210905/ct4m/2019A-0337/c4d_210905_190940_fri.fits.fz,52.6000041666667,-28.1,N708 DECam c0012 7080.0 400.0,,,100.0,2021-09-05,2021-09-05T19:09:40.960756+0000,[5011],Trilling,2019A-0337,2021-09-05,decam,ct4m,ct,,dome flat,raw,image,,2021-09-05,[None]
2021-09-06T05:54:43.625553+0000,3236f0e0d05bcd7ac793da7b7496eaaf,684334080,/data_local/images/DTS/2019A-0337/DECam_01029250.fits.fz,/net/archive/mtn/20210905/ct4m/2019A-0337/c4d_210905_185919_fri.fits.fz,52.6000041666667,-28.1,N708 DECam c0012 7080.0 400.0,,,100.0,2021-09-05,2021-09-05T18:59:19.599591+0000,[5011],Trilling,2019A-0337,2021-09-05,decam,ct4m,ct,,dome flat,raw,image,,2021-09-05,[None]
2021-09-12T18:04:19.659663+0000,f5e5581878be01da03b41f66f767c4ba,687340800,/data_local/images/DTS/2019A-0337/DECam_01032583.fits.fz,/net/archive/mtn/20210912/ct4m/2019A-0337/c4d_210912_175330_fri.fits.fz,37.0595416666667,-5.44416305555556,N708 DECam c0012 7080.0 400.0,,,100.0,2021-09-12,2021-09-12T17:53:30.097207+0000,[5011],Trilling,2019A-0337,2021-09-12,decam,ct4m,ct,,dome flat,raw,image,,2021-09-12,[None]
2021-09-12T18:00:27.566886+0000,67a00ac90c173d8700715b3246df2b0d,687602880,/data_local/images/DTS/2019A-0337/DECam_01032581.fits.fz,/net/archive/mtn/20210912/ct4m/2019A-0337/c4d_210912_174921_fri.fits.fz,37.0595416666667,-5.44416305555556,N708 DECam c0012 7080.0 400.0,,,100.0,2021-09-12,2021-09-12T17:49:21.664306+0000,[5011],Trilling,2019A-0337,2021-09-12,decam,ct4m,ct,,dome flat,raw,image,,2021-09-12,[None]
2021-09-14T19:00:31.488619+0000,af07a92b6f92d46a01c03014528481ea,685776960,/data_local/images/DTS/2019A-0305/DECam_01033088.fits.fz,/net/archive/mtn/20210914/ct4m/2019A-0305/c4d_210914_184014_fri.fits.fz,37.0595416666667,-5.44416305555556,N708 DECam c0012 7080.0 400.0,,,100.0,2021-09-14,2021-09-14T18:40:14.141368+0000,[4512],Drlica-Wagner,2019A-0305,2021-09-14,decam,ct4m,ct,,dome flat,raw,image,,2021-09-14,[None]
2021-09-14T19:00:36.338180+0000,d367d3842499f345b8f7447765ec53a8,685972800,/data_local/images/DTS/2019A-0305/DECam_01033086.fits.fz,/net/archive/mtn/20210914/ct4m/2019A-0305/c4d_210914_183605_fri.fits.fz,37.0595416666667,-5.44416305555556,N708 DECam c0012 7080.0 400.0,,,100.0,2021-09-14,2021-09-14T18:36:05.650179+0000,[4512],Drlica-Wagner,2019A-0305,2021-09-14,decam,ct4m,ct,,dome flat,raw,image,,2021-09-14,[None]
2021-09-14T18:56:24.400198+0000,514eab5e82c09e5fcc4da299bb9c6e13,685702080,/data_local/images/DTS/2019A-0305/DECam_01033089.fits.fz,/net/archive/mtn/20210914/ct4m/2019A-0305/c4d_210914_184218_fri.fits.fz,37.0595416666667,-5.44416305555556,N708 DECam c0012 7080.0 400.0,,,100.0,2021-09-14,2021-09-14T18:42:18.278201+0000,[4512],Drlica-Wagner,2019A-0305,2021-09-14,decam,ct4m,ct,,dome flat,raw,image,,2021-09-14,[None]
2021-09-08T19:54:39.128886+0000,8858d9240816228da73d29ab8c73bb17,684043200,/data_local/images/DTS/2019A-0337/DECam_01030995.fits.fz,/net/archive/mtn/20210908/ct4m/2019A-0337/c4d_210908_193456_fri.fits.fz,338.358329166667,-60.6358330555556,N708 DECam c0012 7080.0 400.0,,,100.0,2021-09-08,2021-09-08T19:34:56.594354+0000,[5011],Trilling,2019A-0337,2021-09-08,decam,ct4m,ct,,dome flat,raw,image,,2021-09-08,[None]
2021-09-11T18:08:21.504720+0000,1644b313b810c5ca1e6cdb0abe89d1e3,688328640,/data_local/images/DTS/2019A-0337/DECam_01032467.fits.fz,/net/archive/mtn/20210911/ct4m/2019A-0337/c4d_210911_175437_fri.fits.fz,37.0595416666667,-5.44416305555556,N708 DECam c0012 7080.0 400.0,,,100.0,2021-09-11,2021-09-11T17:54:37.750793+0000,[5011],Trilling,2019A-0337,2021-09-11,decam,ct4m,ct,,dome flat,raw,image,,2021-09-11,[None]
2021-09-11T18:08:22.899504+0000,5447845dcf2d250d51811faba730069a,688184640,/data_local/images/DTS/2019A-0337/DECam_01032468.fits.fz,/net/archive/mtn/20210911/ct4m/2019A-0337/c4d_210911_175641_fri.fits.fz,37.0595416666667,-5.44416305555556,N708 DECam c0012 7080.0 400.0,,,100.0,2021-09-11,2021-09-11T17:56:41.897334+0000,[5011],Trilling,2019A-0337,2021-09-11,decam,ct4m,ct,,dome flat,raw,image,,2021-09-11,[None]
2021-09-11T18:12:23.194968+0000,93c5d09bc8dee7aa21bec432a1a02d38,687977280,/data_local/images/DTS/2019A-0337/DECam_01032471.fits.fz,/net/archive/mtn/20210911/ct4m/2019A-0337/c4d_210911_180254_fri.fits.fz,37.0595416666667,-5.44416305555556,N708 DECam c0012 7080.0 400.0,,,100.0,2021-09-11,2021-09-11T18:02:54.425127+0000,[5011],Trilling,2019A-0337,2021-09-11,decam,ct4m,ct,,dome flat,raw,image,,2021-09-11,[None]
2021-09-07T19:16:25.748080+0000,a5b8aa760157f9165d3bbeb4d647c295,686154240,/data_local/images/DTS/2019A-0337/DECam_01030403.fits.fz,/net/archive/mtn/20210907/ct4m/2019A-0337/c4d_210907_190635_fri.fits.fz,338.358329166667,-60.6358330555556,N708 DECam c0012 7080.0 400.0,,,100.0,2021-09-07,2021-09-07T19:06:35.050088+0000,[5011],Trilling,2019A-0337,2021-09-07,decam,ct4m,ct,,dome flat,raw,image,,2021-09-07,[None]
2021-09-07T19:20:24.010005+0000,1633ec719dc95897664cdab49abb409f,685800000,/data_local/images/DTS/2019A-0337/DECam_01030406.fits.fz,/net/archive/mtn/20210907/ct4m/2019A-0337/c4d_210907_191247_fri.fits.fz,338.358329166667,-60.6358330555556,N708 DECam c0012 7080.0 400.0,,,100.0,2021-09-07,2021-09-07T19:12:47.562801+0000,[5011],Trilling,2019A-0337,2021-09-07,decam,ct4m,ct,,dome flat,raw,image,,2021-09-07,[None]
2021-09-06T08:45:20.007778+0000,5b877b1ddaeefabf0f7e7b63107a05dc,684999360,/data_local/images/DTS/2019A-0337/DECam_01029247.fits.fz,/net/archive/mtn/20210905/ct4m/2019A-0337/c4d_210905_185306_fri.fits.fz,52.6000041666667,-28.1,N708 DECam c0012 7080.0 400.0,,,100.0,2021-09-05,2021-09-05T18:53:06.693159+0000,[5011],Trilling,2019A-0337,2021-09-05,decam,ct4m,ct,,dome flat,raw,image,,2021-09-05,[None]
2021-09-06T19:40:22.852693+0000,787a6d32780e7eb6d93deb3e2ebca32e,685566720,/data_local/images/DTS/2019A-0337/DECam_01029824.fits.fz,/net/archive/mtn/20210906/ct4m/2019A-0337/c4d_210906_192956_fri.fits.fz,338.358329166667,-60.6358330555556,N708 DECam c0012 7080.0 400.0,,,100.0,2021-09-06,2021-09-06T19:29:56.572554+0000,[5011],Trilling,2019A-0337,2021-09-06,decam,ct4m,ct,,dome flat,raw,image,,2021-09-06,[None]
2021-09-09T19:12:23.169073+0000,cf12133edabc7220d5ee74ca229c3c7f,684483840,/data_local/images/DTS/2019A-0337/DECam_01031584.fits.fz,/net/archive/mtn/20210909/ct4m/2019A-0337/c4d_210909_190301_fri.fits.fz,52.6000041666667,-28.1,N708 DECam c0012 7080.0 400.0,,,100.0,2021-09-09,2021-09-09T19:03:01.351368+0000,[5011],Trilling,2019A-0337,2021-09-09,decam,ct4m,ct,,dome flat,raw,image,,2021-09-09,[None]
2021-09-10T19:18:41.741184+0000,96e19c5ec50aecf0a1a8c39fb715518d,684475200,/data_local/images/DTS/2019A-0337/DECam_01032189.fits.fz,/net/archive/mtn/20210910/ct4m/2019A-0337/c4d_210910_190921_fri.fits.fz,52.6000041666667,-28.1,N708 DECam c0012 7080.0 400.0,,,100.0,2021-09-10,2021-09-10T19:09:21.717453+0000,[5011],Trilling,2019A-0337,2021-09-10,decam,ct4m,ct,,dome flat,raw,image,,2021-09-10,[None]
2021-09-13T19:18:20.996029+0000,1e4b34d2b9710cd776b79dadc5c081ea,683830080,/data_local/images/DTS/2019A-0305/DECam_01032875.fits.fz,/net/archive/mtn/20210913/ct4m/2019A-0305/c4d_210913_191029_fri.fits.fz,37.0595416666667,-5.44416305555556,N708 DECam c0012 7080.0 400.0,,,100.0,2021-09-13,2021-09-13T19:10:29.252101+0000,[4512],Drlica-Wagner,2019A-0305,2021-09-13,decam,ct4m,ct,,dome flat,raw,image,,2021-09-13,[None]
